id,sequence,pdb_id,uniprot_id,name,genbank_id,genbank_name,is_canon,length,molecular_weight
1,MNTTPVHALTDIDGGIAVDPAPRLAGPPVFGGPGNDAFDLAPVRSTGREMLRFDFPGVSIGAAHYEEGPTGATVIHIPAGARTAVDARGGAVGLSGGYDFNHAICLAGGAGYGLEAGAGVSDALLERLEHRTGFAELQLVSSAVIYDFSARSTAVYPDKALGRAALEFAVPGEFPQGRAGAGMSASAGKVDWDRTEITGQGAAFRRLGDVRILAVVVPNPVGVIVDRAGTVVRGNYDAQTGVRRHPVFDYQEAFAEQVPPVTEAGNTTISAIVTNVRMSPVELNQFAKQVHSSMHRGIQPFHTDMDGDTLFAVTTDEIDLPTTPGSSRGRLSVNATALGAIASEVMWDAVLEAGK,5XYG,,ENDOTYPE 6 AMINOHEXANOAT OLIGOMER HYDROLASE,,,True,355,36902.06
2,MNTTPVHALTDIDGGIAVDPAPRLAGPPVFGGPGNDAFDLAPVRSTGREMLRFDFPGVSIGAAHYEEGPTGATVIHIPAGARTAVDARGGAVGLSGGYDFNHAICLAGGASYGLEAGAGVSGALLERLEYRTGFAEAQLVSSAVIYDFSARSTAVYPDKALGRAALEFAVPGEFPQGRAGAGMSASAGKVDWDRTEITGQGAAFRRLGDVRILAVVVPNPVGVIMDRAGTVVRGNYDAQTGVRRHPVFDYQEAFAEQVPPVTEAGNTTISAIVTNVRMSPVELNQFAKQVHSSMHRGIQPFHTDMDGDTLFAVTTDEIDLPTTPGSSRGRLSVNATALGAIASEVMWDAVLEAGK,3AXG,,ENDOTYPE 6 AMINOHEXANOAT OLIGOMER HYDROLASE,,,True,355,36890.07
3,MSKVDLWQDATAQAELVRSGEISRTELLEATIAHVQAVNPEINAVIIPLFEKARRESELASGPFAGVPYLLKDLTVVSQGDINTSSIKGMKESGYRADHDAYFVQRMRAAGFVLLGKTNTPEMGNQVTTEPEAWGATRNPWNLGRSVGGSSGGSGAAVAAALSPVAHGNDAAGAVRIPASVCGVVGLKPTRGRISPGPLVTDSDNVAGAAHEGLFARSVRDIAALLDVVSGHRPGDTFCAPTASRPYAQGISENPGSLRVGVLTHNPVGDFALDPECAAAARGAAAALAALGHDVNDAYPEALGDRSFLKDYSTICDVAIAREIERNGELIGRPLTEDDVEWTSWEMVKRADQVTGRAFAACVDELRYYAGKVERWWEAGWDLLILPTVTRQTPEIGELMLAKGTDLEGRQSAFISGSLQMLAFTVPFNVSGQPAISLPIGMSSDGMPIGVQIVAAYGREDLLLQVAAQLEGALPWVARRPQLLNPSRKIPAA,3A2Q,,6 AMINOHEXANOATE CYCLIC DIMER HYDROLASE,,,True,493,52194.63
4,MNARSTGQHPARYPGAAAGEPTLDSWQEPPHNRWAFAHLGEMVPSAAVSRRPVNAPGHALARLGAIAAQLPDLEQRLEQTYTDAFLVLRGTEVVAEYYRAGFAPDDRHLLMAVSKSLCGTVVGALVDEGRIDPAQPVTEYVPELAGSVYDGPSVLQVLDMQISIDYNEDYVDPASEVQTHGRSAGWRTRRHGDPADTYEFLTTLRGDGSTGEFQYCSANTDVLAWIVERVTGLRYVEALSTYLWAKLDADRDATITVDTTGFGFAHGGVSCTARDLARVGRMMLDGGVAPGGRVVSEDWVRRVLAGGSHEAMTDKGFTNTFPDGSYTRQWWCTGNERGNVSGIGIHGQNLWLDPLTDSVIVKLSSWPDPYTEHWHRLQNGILLDVSRALDAV,2ZM8,,6 AMINOHEXANOATE DIMER HYDROLASE,,,True,392,42825.35999999999
5,MNTTPVHALTDIDGGIAVDPAPRLAGPPVFGGPGNDAFDLAPVRSTGREMLRFDFPGVSIGAAHYEEGPTGATVIHIPAGARTAVDARGGAVGLSGGYDFNHAICLAGGAGYGLEAGAGVSRALLERLEHRTGFAELQLVSSAVIYDFSARSTAVYPDKALGRAALEFAVPGEFPQGRAGAGMSASAGKVDWDRTEITGQGAAFRRLGDVRILAVVVPNPVGVIVDRAGTVVRGNYDAQTGVRRHPVFDYQEAFAEQVPPVTEAGNTTISAIVTNVRMSPVELNQFAKQVHSSMHRGIQPFHTDMDGDTLFAVTTDEIDLPTTPGSSRGRLSVNATALGAIASEVMWDAVLEAGK,5XYP,,ENDO TYPE 6 AMINOHEXANOATE OLIGOMER HYDROLASE,,,True,355,36943.15
6,MNARSTGQHPARYPGAAAGEPTLDSWQEPPHNRWAFAHLGEMVPSAAVSRRPVNAPGHALARLGAIAAQLPDLEQRLEQTYTDAFLVLRGTEVVAEYYRAGFAPDDRHLLMAVSKSLCGTVVGALVDEGRIDPAQPVTEYVPELAGSVYDGPSVLQVLDMQISIDYNEDYVDPASEVQTHDRSAGWRTRRHGDPADTYEFLTTLRGDGSTGEFQYCSANTDVLAWIVERVTGLRYVEALSTYLWAKLDADRDATITVDTTGFGFANGGVSCTARDLARVGRMMLDGGVAPGGRVVSEDWVRRVLAGGSHEAMTDKGFTNTFPDGSYTRQWWCTGNERGNVSGIGIHGQNLWLDPLTDSVIVKLSSWPDPYTEHWHRLQNGILLDVSRALDAV,2ZMA,,6 AMINOHEXANOATE DIMER HYDROLASE,,,True,392,42860.35999999999
7,MNARSTGQHPARYPGAAAGEPTLDSWQEPPHNRWAFAHLGEMVPSAAVSRRPVNAPGHALARLGAIAAQLPDLEQRLEQTYTDAFLVLRGTEVVAEYYRAGFAPDDRHLLMSVSKSLCGTVVGALVDEGRIDPAQPVTEYVPELAGSVYDGPSVLQVLDMQISIDYNEDYVDPASEVQTHGRSAGWRTRRHGDPADTYEFLTTLRGDGSTGEFQYCSANTDVLAWIVERVTGLRYVEALSTYLWAKLDADRDATITVDTTGFGFAHGGVSCTARDLARVGRMMLDGGVAPGGRVVSEDWVRRVLAGGSHEAMTDKGFTNTFPDGSYTRQWWCTGNERGNVSGIGIHGQNLWLDPLTDSVIVKLSSWPDPYTEHWHRLQNGILLDVSRALDAV,2ZLY,,6 AMINOHEXANOATE DIMER HYDROLASE,,,True,392,42841.35999999999
8,MNTTPVHALTDIDGGIAVDPAPRLAGPPVFGGPGNDAFDLAPVRSTGREMLRFDFPGVSIGAAHYEEGPTGATVIHIPAGARTAVDARGGAVGLSGGYDFNHAICLAGGAGYGLEAGAGVSKALLERLEHRTGFAELQLVSSAVIYDFSARSTAVYPDKALGRAALEFAVPGEFPQGRAGAGMSASAGKVDWDRTEITGQGAAFRRLGDVRILAVVVPNPVGVIVDRAGTVVRGNYDAQTGVRRHPVFDYQEAFAEQVPPVTEAGNTTISAIVTNVRMSPVELNQFAKQVHSSMHRGIQPFHTDMDGDTLFAVTTDEIDLPTTPGSSRGRLSVNATALGAIASEVMWDAVLEAGK,5XYQ,,ENDO TYPE 6 AMINOHEXANOATE OLIGOMER HYDROLASE,,,True,355,36915.14
9,MNARSTGQHPARYPGAAAGEPTLDSWQEPPHNRWAFAHLGEMVPSAAVSRRPVNAPGHALVRLGAIAAQLPDLEQRLEQTYTDAFLVLRGTEVVAEYYRAGFAPDDRHLLMSVSKSLCGTVVGVLVDEGRIDPAQPVTEYVPELAGSVYDGPSVLQVLDMQISIDYNEDYVDPASEVQTHGRSAGWSTRRHGDPADTYEFLTTLRGDGSTGEFQYCSANTDVLAWIVERVTGLRYVEALSTYLWAKLDADRDATITVDTTGFGCAHGGVSCTARDLARVGRMMLDGGVAPRGRVVSEDWVRRVLAGGSHEAMTDKGFTNTFPDGSYTRQWWCTGNERANVSGIGIHGQNLWLDPLTDSVIVKLSSWPDPYTEHWHRLQNGILLDVSRALDAV,2ZM2,,6 AMINOHEXANOATE DIMER HYDROLASE,,,True,392,42897.49
10,MSDSTPKTPRGFVVHTAPVGLADDGRDDFTVLASTAPATVSAVFTRSRFAGPSVVLCREAVADGQARGVVVLARNANVATGLEGEENAREVREAVARALGLPEGEMLIASTGVIGRQYPMESIREHLKTLEWPAGEGGFDRAARAIMTTDTRPKEVRVSVGGATLVGIAKGVGMLEPDMATLLTFFATDARLDPAEQDRLFRRVMDRTFNAVSIDTDTSTSDTAVLFANGLAGEVDAGEFEEALHTAALALVKDIASDGEGAAKLIEVQVTGARDDAQAKRVGKTVVNSPLVKTAVHGCDPNWGRVAMAIGKCSDDTDIDQERVTIRFGEVEVYPPKARGDQADDALRAAVAEHLRGDEVVIGIDLAIADGAFTVYGCDLTEGYVRLNSEYTT,1VZ6,,ORNITHINE ACETYL TRANSFERASE,,,True,393,41606.38
11,MNARSTGQHPARYPGAAAGEPTLDSWQEPPHNRWAFAHLGEMVPSAAVSRRPVNAPGHALARLGAIAAQLPDLEQRLEQTYTDAFLVLRGTEVVAEYYRAGFAPDDRHLLMAVSKSLCGTVVGALVDEGRIDPAQPVTEYVPELAGSVYDGPSVLQVLDMQISIDYNEDYVDPASEVQTHDRSAGWRTRRHGDPADTYEFLTTLRGDGSTGEFQYCSANTDVLAWIVERVTGLRYVEALSTYLWAKLDADRDATITVDTTGFGFAHGGVSCTARDLARVGRMMLDGGVAPGGRVVSEDWVRRVLAGGSHEAMTDKGFTNTFPDGSYTRQWWCTGNERGNVSGIGIHGQNLWLDPLTDSVIVKLSSWPDPDTEHWHRLQNGILLDVSRALDAV,2ZM7,,6 AMINOHEXANOATE DIMER HYDROLASE,,,True,392,42835.31
44,MTIVHRRLALAIGDPHGIGPEIALKALRQLSANERSLIKVYGPWSALEQAAQICQMESLLQDLIHEEAGSLAQPAQWGEITPQAGLSTVQSATAAIRACENGEVDAVIACPHHETAIHRAGIAFSGYPSLLANVLGMNEDQVFLMLVGAGLRIVHVTLHESVRSALERLSPQLVVNAVQAAVQTCTLLGVPKPQVAVFGINPHASEGQLFGLEDSQITAPAVETLRKCGLAVDGPMGADMVLAQRKHDLYVAMLHDQGHIPIKLLAPNGASALSIGGRVVLSSVGHGSAMDIAGRGVADSTALLRTIALLGAQPG,,Q3C1E1,"1,2 DIHYDROXY 3,5 CYCLOHEXADIENE 1,4 DICARBOXYLATE DEHYDROGENASE",AB238678.1,tphBI,True,315,32937.77
45,MNHQIHIHDSDIAFPCAPGQSVLDAALQAGIELPYSCRKGSCGNCASTLLDGNIASFNGMAVRNELCASEQVLLCGCTAASDIRIHPSSFRRLDPEARKRFTAKVYSNTLAAPDVSLLRLRLPVGKRAKFEAGQYLLIHLDDGESRSYSMANPPHESDGITLHVRHVPGGRFSTIVQQLKSGDTLDIELPFGSIALKPDDARPLICVAGGTGFAPIKSVLDDLAKRKVQRDITLIWGARNPSGLYLPSAIDKWRKVWPQFRYIAAITDLGDMPADAHAGRVDDALRTHFGNLHDHVVHCCGSPALVQSVRTAASDMGLLAQDFHADVFATGPTGHH,,Q3C1D2,"TEREPHTHALATE 1,2 DIOXYGENASE, REDUCTASE COMPONENT 2",AB238679.1,tphA1II,True,336,36339.12
46,MQESIIQWHGATNTRVPFGIYTDTANADQEQQRIYRGEVWNYLCLESEIPGAGDFRTTFAGETPIVVVRDADQEIYAFENRCAHRGALIALEKSGRTDSFQCVYHAWSYNRQGDLTGVAFEKGVKGQGGMPASFCKEEHGPRKLRVAVFCGLVFGSFSEDVPSIEDYLGPEICERIERVLHKPVEVIGRFTQKLPNNWKLYFENVKDSYHASLLHMFFTTFELNRLSQKGGVIVDESGGHHVSYSMIDRGAKDDSYKDQAIRSDNERYRLKDPSLLEGFEEFEDGVTLQILSVFPGFVLQQIQNSIAVRQLLPKSISSSELNWTYLGYADDSAEQRKVRLKQANLIGPAGFISMEDGAVGGFVQRGIAGAANLDAVIEMGGDHEGSSEGRATETSVRGFWKAYRKHMGQEMQA,,Q3C1D5,"TEREPHTHALATE 1,2 DIOXYGENASE, TERMINAL OXYGENASE COMPONENT SUBUNIT ALPHA 2",AB238679.1,tphA2II,True,413,46241.46
47,MINEIQIAAFNAAYAKTIDSDAMEQWPTFFTKDCHYCVTNVDNHDEGLAAGIVWADSQDMLTDRISALREANIYERHRYRHILGLPSIQSGDATQASASTPFMVLRIMHTGETEVFASGEYLDKFTTIDGKLRLQERIAVCDSTVTDTLMALPL,,Q3C1D4,"TEREPHTHALATE 1,2 DIOXYGENASE, TERMINAL OXYGENASE COMPONENT SUBUNIT BETA 2",AB238679.1,tphA3II,True,154,17235.33
48,MRVQSWRSGVAALALWGGVNLAAGAAVPLGQYNIATDQISVSGLSSGGFMANQLGNAYSASFMGVGIFAAGPYMCAGLNNYTACMYNASISSAQLNAMQSSIDSYSSAASIDAKSRIAAQKIYIFTGTSDYTVGPNLTDALQTQYLNNGVPQGNIAYVKRSGAAHVLPTDFDSSGNNACSSSASPYISNCGYDGAKAALTHFYGALNPRNDAPATGNYIEFNQASYTNANPGMASTGWLYVPQSCASGTQCRLHVVLHGCQQSTDKIGDKFVRNTGFSRWADTNNIIVLYPQTQVDNNNRSTSKSGSLANPNACWDWIGWYGNNFAQKSGVQMTAIKAMIDRIASGAGSGTGGGNGGGTPTQPALAAPTGLGASAATSTSMQLDWAPVTSAAGYNVYRNGNKANALTVYATSYVDAALNPATSYSWTVRAVDGNGAESADSAAVSASTLTGSNPAGTCTTASNYAHVQANRAYQQGGYAYANGSGQNMGLWNVFYTTTLKQTGSNYYVIGTCP,,O24719,POLY(3 HYDROXYBUTYRATE) DEPOLYMERASE,AB000508,phaZ,True,513,53161.21
49,MTIVHRRLALAIGDPHGIGPEIALKALQQLSATERSLIKVYGPWSALEQAAQICQMESLLQDLIHEEAGSLAQPAQWGEITPQAGLSTVQSATAAIRACENGEVDAVIACPHHETAIHRAGIAFSGYPSLLANVLGMNEDEVFLMLVGAGLRIVHVTLHESVRSALERLSPQLVVDAVDAAVQTCTLLGVPKPQVAVFGINPHASEGQLFGLEDSQITAPAVETLRKCGLAVDGPMGADMVLAQRKHDLYVAMLHDQGHIPIKLLAPNGASALSIGGRVVLSSVGHGSAMDIAGRGVADSTALLRTIALLGAQPG,,Q5D0X4,"1,2 DIHYDROXY 3,5 CYCLOHEXADIENE 1,4 DICARBOXYLATE DEHYDROGENASE",AY923836.1,tphB,True,315,32885.64
50,MLVSALALAVLSAASLGRAAPTPESAEAHELEARATSSACPQYVLINTRGTGEPQGQSAGFRTMNSQITAALSGGTIYNTVYTADFSQNSAAGTADIIRRINSGLAANPNVCYILQGYSQGAAATVVALQQLGTSGAAFNAVKGVFLIGNPDHKSGLTCNVDSNGGTTTRNVNGLSVAYQGSVPSGWVSKTLDVCAYGDGVCDTAHGFGINAQHLSYPSDQGVQTMGYKFAVNKLGGSA,,,CUTINASE-LIKE PROTEIN,,CLE1,True,239,24301.87
51,MTKSFAADWHAQIRRLSRAQARTEAQVKSWLDRVDSLNPLTPARPDRPPGKVRPARPAPAPGSLPGTWQAHRLRLAPLPGELVPQLSYHLYIPSKAHRGPLPVVVVLHGCRQTPDDLSAGTRMNALAEREGFIVAYPQQPLRRQVQRCWQWFDLGAAEGGREAQAVAALIDALAARHDVREREIYLAGMSAGAAMAAVVALRYPGKVAAAALHSGVVIGAADNPRAGLRAMQQGSAADPSWLLDAAGVTPGGPEMPALVIHGLADDAVHPVNGRLLARQFLAYNGLEDRLAGAPAQSGPEDEAPGRSHEYRFGRWRRDLVTLVEVEGLGHAWSGGDASYGYHSDIGPDASTMMWQFFSQHRR,,Q3V6L9,INTRACELLULAR POLY(3 HYDROXYBUTYRATE) DEPOLYMERASE,AB206256,phaZd,True,362,39167.1
52,MAFNFIRAAAAGAAMALCGVGSVHAAVNLPALKIDKTQTTVSGLSSGGFMAVQLHVAYSATFAKGAGVVAGGPFYCAEGSIVNATGRCMASPAGIPTSTLVSTTNTWASQGVIDPVANLQNSKVYLFSGTLDSVVKTGVMDALRTYYNSFVPAANVVYKKDIAAEHAMVTDDYGNACSTKGAPYISDCNFDLAGAMLQHLYGTLNARNNATLPTGNYIEFNQSEFITNHGMATTGWAYVPQACQAGGTATCKLHVVLHGCKQNIGDVQQQYVRNTGYNRWADTNNIVMLYPQTSTAATNSCWDWWGYDSANYSKKSGPQMAAIKAMVDRVSSGTGGTTPPDPVALPAPTGVSTSGATASSMAIGWAAVMGAASYNVYRNANKVNALPVTATSYTDTGLAASTTYSWTVRAADANGAEGATSAAASGTTLAASGGGTATCTTASNYAHTLAGRAYAAGGYTYALGSNQNMGLWNVFVTNTLKQTSTNYYVIGTCP,,O05527,PHB-DEPOLYMERASE,AB003186.1,phaZCac,True,494,51017.73
53,MNSRSLTKAIRFPTILALAGFSVLGACGGSDNDSSSNNQGAPAVAITVAGQVQAVDRLGMRRYFGIPFAAPPVGNLRWMPPAPPQSWAAPLAKTQSNAPCMQTGATDPLRLPNGTEDCLYLDVHAPATGEGPFPVMVWIHGGAFSIGGTITYADPSPLVSKGVIVVNIAYRMGAMGFLGHPSLRAADGTVGNYGIMDQQAALRWVQDNIAAFGGDKSNVTIFGESAGGFSVMTHLASPLSKGLFAKAIVQSGGYGFDRQLTQAQLEAQSTSIVNSALAAAGVSCPTVDAACLRGLSAELVNNQLATAFTTANWSPVPSVDGKVLPKSIKATFVAGENNKVPLVNGSNQDEWSYFVASRELVAGPLTAAQYPSYLQTSLGLPPSLATVYPLTDYGTNTAQQPSLAATAAGTDMHFSCPALNLSKRVLSQATPIFMYEFRDRTAIPSIGRNTISFNQGAGHTYELQYLFNLRDLETAEHRDLQASMARYWTNFARTSNPNNGDPVATSWPAFTGPTKVLGLDVASAGGIRELATFETDHKCNTAWTSLTF,,Q9WX47,CARBOXYLIC ESTER HYDROLASE,AB009606.1,pudA,True,548,57826.85
54,MPFHRFLLAAALASAGMAQAAAPLGQYNIDTGKISVSGLSSGGFMANQLGNAYSSTFMGVGVFAAGPYMCAGHNNYTACMYNASISASQQSAMQGSIDSYSANGTIDGKSGIAAQKIYIFTGTSDYTVGPNLTDALQTQYLNNGVPAGNITYVKRSGTAHVLPTDFDSTSNNACSSSTSPFISNCGYDGAGAVLSHFYGALNARNNAPAAANYIEFDQSAYTAGNPGMAANAWLYVPASCASGAQCKLHVVLHGCQQSTDKIGDKFVKNTGYSRWADTNQIILLFPQTRIDNTSRSTAKSGSLANPNACWDWIGWYGGNFAHKSGAQMAAIKAMVDRIASGAGSGDGGGTTPPNDPVLPAPTGLSLSGATATSMNLAWNAVAGASGYNVYRNGNKANALTVYATSYTDSALTASTTYSWAVRAVDANGAEGDASNAVSGTTLAPTQSPGTCTTASNYAHTQAGRAYQQGGYTYANGSGQSMGLWNVFVTTTLKQTATNYYVIGTCP,,B6UQD9,PHAZD,FJ200367,,True,506,52140.22
55,MKFSIISTLLAATASALPAGQDAAALEARQLGGSITRNDLANGNSGSCPGVIFIYARGSTESGNLGTLGPRVASKLEAKYGKNGVWIQGVGGAYRATLGDNALPRGTSSAAIREMLGHFSDANQKCPDAVLIAGGYSQGAALAAASVTDVDAGIREKIAGVVLFGYTKNLQNRGKIPSYPEDRTKVFCNTGDLVCTGSLIVAAPHLAYQSAASGAAPEFLIQKADAAGAA,,,HYPOTHETICAL PROTEIN FOXB_14815,,FOQG_13916,True,230,23318.19